ProductType,Manufacturer,Model,Hide S/N in eBay?,Know how to reset?, Price ,Time ( Mins ), Output / Hour ,Note,Less that £100/hr,Scrap,£100 - £150,Mid Tier,£150 + Upper Tier
AP,Aerohive,Hive AP110,,Extremely,,5.0, £ -   ,,,,,,
AP,Alcatel Lucent,APIN0204,,Extremely,,10.0, £ -   ,,,,,,
AP,Alcatel Lucent,APIN0205,,Extremely,,10.0, £ -   ,,,,,,
AP,Aruba,APIN0305,,Extremely,,10.0, £ -   ,,,,,,
AP,Aruba,APIN0315,,Extremely,,10.0, £ -   ,,,,,,
AP,Aruba,JW216A,,Moderately, £ 85.00 ,,  ,,,,,,
AP,Cisco,AIR-AP1815I-E-K9,,Extremely,,5.0, £ -   ,,,,,,
AP,Cisco,AIR-AP1832I-E-K9,,Moderately, £ 150.00 ,5.0," £ 1,800.00 ",,,,,,
AP,Cisco,AIR-AP1852E-E-K9,,Extremely,,5.0, £ -   ,,,,,,
AP,Cisco,AIR-AP1852I-E-K9,,Extremely,,5.0, £ -   ,,,,,,
AP,Cisco,AIR-AP2802E-E-K9,,Extremely,,8.0, £ -   ,,,,,,
AP,Cisco,AIR-AP2802I-E-K9,,Moderately, £ 25.00 ,5.0, £ 300.00 ,,,,,,
AP,Cisco,AIR-CAP16021-E-K9,,Moderately, £ 15.00 ,5.0, £ 180.00 ,,,,,,
AP,Cisco,AIR-CAP17021-E-K9,,Moderately, £ 9.00 ,5.0, £ 108.00 ,,,,,,
AP,Cisco,AIR-CAP2602I-E-K9,,Extremely,,5.0, £ -   ,,,,,,
AP,Cisco,AIR-CAP27021-E-K9,,Moderately, £ 40.00 ,,  ,,,,,,
AP,Cisco,AIR-CAP35021-E-K9,,Moderately, £ 9.00 ,5.0, £ 108.00 ,,,,,,
AP,Cisco,AIR-LAP1142N-E-K9,,Moderately, £ 10.00 ,5.0, £ 120.00 ,,,,,,
AP,Cisco,AIR-LAP1142N-E-K9,,, Scrap ,,,,,,,,
AP,Cisco,Meraki MR16,Yes,Extremely, £ 10.00 ,5.0, £ 120.00 ,,,,,,
AP,Cisco,Meraki MR18,Yes,Extremely, £ 10.00 ,5.0, £ 120.00 ,,,,,,
AP,Cisco,Meraki MR32,Yes,Extremely,,5.0, £ -   ,,,,,,
AP,Cisco,Meraki MR33,Yes,Extremely, £ 20.00 ,5.0, £ 240.00 ,,,,,,
AP,Cisco,Meraki MR34,Yes,Extremely, £ 20.00 ,5.0, £ 240.00 ,,,,,,
AP,Cisco,Meraki MR42,Yes,Extremely, £ 50.00 ,5.0, £ 600.00 ,,,,,,
AP,Cisco,WAP371-E-K9,,Extremely,,5.0, £ -   ,,,,,,
AP,D-Link,DAP-2695,,Extremely,,5.0, £ -   ,,,,,,
AP,Huawei,AP6150DN,,Extremely,,10.0, £ -   ,,,,,,
AP,Netgear,WAC510,,Extremely,,,,,,,,,
AP,Ruckus,AP390,,Extremely,,,,,,,,,
AP,Ruckus,R510,,Extremely,,5.0, £ -   ,,,,,,
AP,SonicWALL,APL26-0B3,,Extremely,,10.0, £ -   ,,,,,,
AP,SonicWALL,SonicWave 231c,,Moderately, £ 80.00 ,,  ,,,,,,
AP,Sophos,AP 55C,,Moderately, £ 25.00 ,10.0, £ 150.00 ,,,,,,
AP,UniFi,UAP-AC-IW-Pro,,Extremely,,10.0, £ -   ,,,,,,
AP,UniFi,UAP-AC-LITE,,Extremely, £ 45.00 ,5.0, £ 540.00 ,,,,,,
AP,UniFi,UAP-AC-LR,,Extremely, £ 40.00 ,5.0, £ 480.00 ,,,,,,
AP,UniFi,UAP-AC-PRO,,Extremely, £ 30.00 ,,  ,,,,,,
AP,UniFi,UAP-LR,,Extremely, £ 40.00 ,5.0, £ 480.00 ,,,,,,
AP,UniFi,UAPAC,,Extremely, £ 25.00 ,,  ,,,,,,
AP,UniFi,UAPv2,,Extremely, £ 15.00 ,5.0, £ 180.00 ,,,,,,
AV Equipment,Amulet Hotkey,DXT-H4 Standalone External PCOIP Host Card,,Not at all,,,  ,,,,,,
AV Equipment,Blackmagic,UltraStudio 3D,,Not at all, £ 100.00 ,,  ,,,,,,
AV Equipment,iPECS,UCP100 Unified Communications Platform,,Not at all, £ 50.00 ,,  ,,,,,,
AV Equipment,Logitech,Tap Touch Controller VU0053,,Moderately, £ 150.00 ,,  ,,,,,,
AV Equipment,Onelan,NTB-660-M-S HD Standalone Digital Signage Media Player,,Not at all, £ 65.00 ,,  ,,,,,,
AV Equipment,Poly,Group 700 Video Conferencing System,,Not at all, £ 120.00 ,,  ,,,,,,
AV Equipment,Poly,HDX 9000 Codec,,Not at all, £ 50.00 ,,  ,,,,,,
AV Equipment,Poly,Poly EagleEye MPTZ-11 Camera,,Not at all,,,  ,,,,,,
AV Equipment,Poly,Poly Studio P009 Video Bar,,Not at all, £ 120.00 ,,  ,,,,,,
AV Equipment,Poly,RealPresence Touch,,Not at all, £ 20.00 ,,  ,,,,,,
AV Equipment,QVIS,GENISYS-NVR-8-2TB Digital Video Recorder,,Not at all,,,  ,,,,,,
AV Equipment,SmartWitness,SVD420HDA Mobile Digital Video Recorder,,Not at all,,,  ,,,,,,
AV Equipment,Tandberg,TTC2-04 TelePresence Video Communication Server,,Not at all, £ 45.00 ,,  ,,,,,,
AV Equipment,Vista,VK2-PVM32CAM PoE Powered Public Viewing Monitor ,,Moderately,,,  ,,,,,,
Firewall,Barracuda,BBF340a,,Extremely,,20.0, £ -   ,,,,,,
Firewall,Barracuda,F18,Yes,Moderately,,20.0, £ -   ,,,,,,
Firewall,Barracuda,F180,Yes,Not at all, £ 200.00 ,30.0, £ 400.00 ,,,,,,
Firewall,Barracuda,F80,,Not at all, £ 90.00 ,,  ,,,,,,
Firewall,Check Point,T-110,,, Scrap ,,,,,,,,
Firewall,Cisco,ASA 5505,,Moderately, Scrap ,,  ,,,,,,
Firewall,Cisco,ASA 5506 V04,,Moderately, £ 50.00 ,,  ,,,,,,
Firewall,Cisco,ASA 5506-K9,,Moderately, £ 70.00 ,,  ,,,,,,
Firewall,Cisco,ASA 5510,,Moderately, Scrap ,,  ,,,,,,
Firewall,Cisco,ASA 5516-X,,Moderately, £ 5.00 ,,  ,,,,,,
Firewall,Cisco,ASA 5525 V02,,Extremely, £ 50.00 ,10.0, £ 300.00 ,,,,,,
Firewall,Cisco,ASA5520 V02,,Extremely,,10.0, £ -   ,,,,,,
Firewall,Cisco,ASA5545,,Extremely,,10.0, £ -   ,,,,,,
Firewall,Cisco,FPR-2110 V05,,Extremely,,20.0, £ -   ,,,,,,
Firewall,Cisco,Meraki MX64-HW,Yes,Extremely,,10.0, £ -   ,,,,,,
Firewall,Cisco,Meraki MX65W,Yes,Moderately, £ 120.00 ,,  ,,,,,,
Firewall,Cisco,Meraki MX67,Yes,Moderately, £ 140.00 ,,  ,,,,,,
Firewall,Cisco,Meraki MX67C-HW-WW,Yes,Extremely,,10.0, £ -   ,,,,,,
Firewall,Cisco,Meraki MX68CW,Yes,Moderately, £ 800.00 ,,  ,, ,,,,
Firewall,Cisco,Meraki MX68W,Yes,Moderately, £ 90.00 ,,  ,,,,,,
Firewall,Cisco,Meraki MX84-HW,Yes,Extremely,,15.0, £ -   ,,,,,,
Firewall,Cisco,Meraki MX100-HW,Yes,Extremely,,15.0, £ -   ,,,,,,
Firewall,Cisco,Meraki Z1-HW-UK,Yes,Extremely,,10.0, £ -   ,,,,,,
Firewall,DrayTek,Vigor2860ac,,Extremely,,10.0, £ -   ,,,,,,
Firewall,DrayTek,Vigor2930,,Not at all, £ 20.00 ,,  ,,,,,,
Firewall,F5,BIG-IP 1600,,Not at all, £ 60.00 ,,  ,,,,,,
Firewall,F5,BIG-IP 2000,,Extremely,,30.0, £ -   ,,,,,,
Firewall,Fortinet,FortiAnalyzer 200D,,Not at all, £ 250.00 ,,  ,,,,,,
Firewall,Fortinet,FortiGate 100D,,Not at all, Scrap ,,  ,,,,,,
Firewall,Fortinet,FortiGate 1000D,,Not at all, £ 450.00 ,,  ,,,,,,
Firewall,Fortinet,FortiGate 110C,,Not at all, £ 19.00 ,,  ,,,,,,
Firewall,Fortinet,FortiGate 200B,,Not at all, £ 180.00 ,20.0, £ 540.00 ,,,,,,
Firewall,Fortinet,FortiGate 311B,,Not at all,,,,,,,,,
Firewall,Fortinet,FortiGate 600D,,Not at all, £ 400.00 ,20.0," £ 1,200.00 ",,,,,,
Firewall,Fortinet,FortiWeb 400C,,Not at all,,,  ,,,,,,
Firewall,inGate,CAD-0225-S21,,Not at all, £ 90.00 ,20.0, £ 270.00 ,,,,,,
Firewall,Juniper,SRX100,,Not at all, £ 18.00 ,,  ,,,,,,
Firewall,Juniper,SRX110,,Not at all, £ 18.00 ,,  ,,,,,,
Firewall,Juniper,SRX210,,Not at all, £ 20.00 ,,  ,,,,,,
Firewall,Juniper,SRX300,,Not at all, £ 35.00 ,,  ,,,,,,
Firewall,Juniper,SRX320,,Extremely,,26.0, £ -   ,Nemesis Erasure,,,,,
Firewall,Juniper,SRX340,,Extremely,,24.0, £ -   ,Nemesis Erasure,,,,,
Firewall,Netgear,FVS336G v2,,Not at all, £ 30.00 ,,  ,,,,,,
Firewall,Netgear,ProSecure UTM 9S,,Not at all, £ 100.00 ,10.0, £ 600.00 ,,,,,,
Firewall,Palo Alto,PA-200,,, Scrap ,,,,,,,,
Firewall,Palo Alto,PA-820,,Extremely,,20.0, £ -   ,,,,,,
Firewall,SonicWALL,NSA220,,Not at all, £ 25.00 ,,  ,,,,,,
Firewall,SonicWALL,NSA2600,Yes,Extremely,,20.0, £ -   ,,,,,,
Firewall,SonicWALL,NSA4650,Yes,Extremely, £ 200.00 ,20.0, £ 600.00 ,,,,,,
Firewall,SonicWALL,NSA4700,Yes,Extremely,,20.0, £ -   ,,,,,,
Firewall,SonicWALL,TZ300,,Not at all, £ 20.00 ,,  ,,,,,,
Firewall,SonicWALL,TZ400,,Not at all, £ 50.00 ,,  ,,,,,,
Firewall,SonicWALL,TZ600,,Not at all, £ 100.00 ,,  ,,,,,,
Firewall,Sophos,RED 15,,Not at all, £ 45.00 ,,  ,,,,,,
Firewall,Sophos,XG 105,,Not at all, £ 50.00 ,,  ,,,,,,
Firewall,Sophos,XG 125,Yes,Not at all, £ 90.00 ,30.0, £ 180.00 ,,,,,,
Firewall,Sophos,XG 210,,Not at all, £ 150.00 ,,  ,,,,,,
Firewall,Sophos,XG 230,,Not at all,,,  ,,,,,,
Firewall,Sophos,XG21T3HEUK,,Not at all, £ 350.00 ,,  ,,,,,,
Firewall,Thales,NH2054,,Not at all, £ 100.00 ,,  ,,,,,,
Firewall,WatchGuard,Firebox T30 (BS3AE5),,Not at all, £ 163.00 ,,  ,,,,,,
Firewall,WatchGuard,XTM510,,Extremely,,15.0, £ -   ,,,,,,
Firewall,Cisco,Meraki MX64W,,Extremely,,20.0,,,,,,,
Firewall,Cisco,Meraki MX64,,Extremely,,20.0,,,,,,,
HDD Arrays,Dell,EMC VNXe3300,,Not at all, £ 550.00 ,,  ,,,,,,
HDD Arrays,Dell,EqualLogic PS4100,,Not at all,,,  ,,,,,,
HDD Arrays,Dell,EqualLogic PS4210,,Not at all, £ 40.00 ,,  ,,,,,,
HDD Arrays,Dell,EqualLogic PS6210,,Not at all, £ 480.00 ,,  ,,,,,,
HDD Arrays,Dell,EqualLogic PS6100,,Extremely,,,,,,,,,
HDD Arrays,Dell,PowerVault MD1200,,Extremely, £ 450.00 ,15.0," £ 1,800.00 ",,,,,,
HDD Arrays,Dell,PowerVault MD1220,,Extremely,,15.0, £ -   ,,,,,,
HDD Arrays,Dell,PowerVault MD1400,,Extremely, £ 400.00 ,60.0, £ 400.00 ,,,,,,
HDD Arrays,Dell,PowerVault MD3060e,,Extremely," £ 4,200.00 ",60.0," £ 4,200.00 ",,,,,,
HDD Arrays,Dell,PowerVault MD3200i,,Extremely,,60.0, £ -   ,,,,,,
HDD Arrays,Dell,PowerVault MD3220,,Extremely," £ 10,000.00 ",60.0," £ 10,000.00 ",,,,,,
HDD Arrays,Dell,PowerVault MD3220i,,Extremely, £ 600.00 ,60.0, £ 600.00 ,,,,,,
HDD Arrays,Dell,PowerVault MD3400,,Extremely, £ 180.00 ,60.0, £ 180.00 ,,,,,,
HDD Arrays,Dell,PowerVault MD3420,,Extremely, £ 500.00 ,60.0, £ 500.00 ,,,,,,
HDD Arrays,Dell,PowerVault MD3600i,,Extremely,,60.0, £ -   ,,,,,,
HDD Arrays,Dell,PowerVault MD3620f,,Extremely,,60.0,,,,,,,
HDD Arrays,Dell,PowerVault MD3620i,,Extremely, £ 130.00 ,60.0, £ 130.00 ,,,,,,
HDD Arrays,Dell,PowerVault MD3820i,,Extremely, £ 360.00 ,60.0, £ 360.00 ,,,,,,
HDD Arrays,Dell,PowerVault ME4012,,Extremely,,120.0, £ -   ,,,,,,
HDD Arrays,Dell,SC200,,Not at all, £ 250.00 ,,  ,,,,,,
HDD Arrays,Dell,SC220,,Extremely,,15.0, £ -   ,,,,,,
HDD Arrays,Dell,SC4020,,Not at all, £ 45.00 ,60.0, £ 45.00 ,,,,,,
HDD Arrays,Dell,SCv2020,,Not at all, £ 150.00 ,,  ,,,,,,
HDD Arrays,Dell,SCv3020,,Not at all, £ 70.00 ,,  ,,,,,,
HDD Arrays,EMC,KTN-STL3 Disk Array Enclosure,,Extremely, Scrap ,15.0,,,,,,,
HDD Arrays,EMC,SAE Disk Array Enclosure,,Extremely,,15.0,,,,,,,
HDD Arrays,Fujisu,CA07662-D202 ,,Not at all, £ 480.00 ,,  ,,,,,,
HDD Arrays,Fujisu,ETERNUS DX200 S3,,Extremely,,30.0,,,,,,,
HDD Arrays,Fujisu,ETERNUS DX100 S3,,Extremely,,30.0,,,,,,,
HDD Arrays,HP,3PAR 7400c,,Not at all,,,  ,,,,,,
HDD Arrays,HP,3PAR M6710,,Not at all," £ 5,000.00 ",,  ,,,,,,
HDD Arrays,HP,3PAR Storeserv 7200C,,Not at all," £ 1,500.00 ",,  ,,,,,,
HDD Arrays,HP,BladeSystem c7000 Enclosure,,Moderately, £ 800.00 ,,  ,,,,,,
HDD Arrays,HP,D2700,,Not at all, £ 300.00 ,60.0, £ 300.00 ,,,,,,
HDD Arrays,HP,MSA 2312i,,Not at all," £ 1,400.00 ",,  ,,,,,,
HDD Arrays,HP,MSA P2000 G3,,Moderately,,60.0, £ -   ,,,,,,
HDD Arrays,HP,MSA2040 LFF,,Extremely, £ 240.00 ,60.0, £ 240.00 ,,,,,,
HDD Arrays,HP,MSA2040 SFF,,Extremely, £ 600.00 ,60.0, £ 600.00 ,,,,,,
HDD Arrays,HP,MSA2312sa,,Not at all, £ 65.00 ,60.0, £ 65.00 ,,,,,,
HDD Arrays,HP,MSA70,,Not at all, £ 200.00 ,,  ,,,,,,
HDD Arrays,HP,StorageWorks P4300 G2,,Extremely, £ 150.00 ,,  ,,,,,,
HDD Arrays,HP,StorageWorks D2700 Disk Enclosure,,Extremely,,30.0,,,,,,,
HDD Arrays,HP,StoreOnce 3540 Storage Enclosure,,Moderately,,90.0, £ -   ,,,,,,
HDD Arrays,HP,StoreOnce 5100 Storage Enclosure,,Moderately,,90.0, £ -   ,,,,,,
HDD Arrays,IBM,13N1972,,Not at all, £ 350.00 ,,  ,, ,,,,
HDD Arrays,IBM,EXP3000,,Not at all," £ 8,000.00 ",,  ,,,,,,
HDD Arrays,IBM,Storwize V3700 SFF Dual Control Enclosure,,Extremely,,60.0,,,,,,,
HDD Arrays,IBM,Storwize V3700 SFF Expansion Enclosure,,Extremely," £ 3,000.00 ",15.0," £ 12,000.00 ",,,,,,
HDD Arrays,McAfee,DAS-25,,Not at all, £ 240.00 ,,  ,,,,,,
HDD Arrays,NetApp,Class 3650 Model 0892,,Not at all, £ 750.00 ,,  ,,,,,,
HDD Arrays,NetApp,NAJ-1501 Storage Shelf,,Extremely,,30.0,,,,,,,
HDD Arrays,NetApp,NAF-1601,,Extremely,,60.0,,,,,,,
HDD Arrays,Synology,RX1211RP,,Not at all,,,  ,,,,,,
HDD Arrays,Synology,RX1214RP,,Not at all," £ 1,500.00 ",,  ,,,,,,
HDD Arrays,Synology,RX2414RP+,,Not at all, £ 130.00 ,,  ,,,,,,
NAS,Buffalo,TS-3400R,,Not at all,,,  ,,,,,,
NAS,Buffalo,TS-7120R,,Not at all, £ 175.00 ,,  ,,,,,,
NAS,Buffalo,TS-RXL/R5,,Not at all,,,  ,,,,,,
NAS,Datto,S3B2000,,Not at all, £ 195.00 ,,  ,,,,,,
NAS,Datto,S3B500,,Not at all, £ 180.00 ,,  ,,,,,,
NAS,Datto,S4XP12,,Not at all, £ 150.00 ,,  ,,,,,,
NAS,G-RAID,0G04088,,Not at all, £ 450.00 ,,  ,,,,,,
NAS,G-Tech,G-Speed 0G03523,,Not at all, £ 500.00 ,,  ,,,,,,
NAS,LG,N4B2ND4,,Not at all,,,  ,,,,,,
NAS,Netgear,RN10200,,Extremely,,30.0, £ -   ,,,,,,
NAS,Netgear,RN10200-100EUS,,Extremely, £ 60.00 ,30.0, £ 120.00 ,,,,,,
NAS,Netgear,RN31200,,Extremely, £ 60.00 ,30.0, £ 120.00 ,,,,,,
NAS,Netgear,RN31400,,Extremely, £ 120.00 ,30.0, £ 240.00 ,,,,,,
NAS,Netgear,RN42400,,Extremely,,30.0, £ -   ,,,,,,
NAS,Netgear,RN51600,,Extremely,,30.0, £ -   ,,,,,,
NAS,Netgear,RND2000-200NAS,,Extremely, £ 60.00 ,30.0, £ 120.00 ,,,,,,
NAS,Netgear,RND4000 v3,,Extremely,,30.0, £ -   ,,,,,,
NAS,Netgear,RND4000-200EUS,,Extremely, £ 450.00 ,30.0, £ 900.00 ,,,,,,
NAS,Netgear,RNDP2000,,Extremely, £ 120.00 ,30.0, £ 240.00 ,,,,,,
NAS,Netgear,RNDP4000,,Extremely, £ 150.00 ,30.0, £ 300.00 ,,,,,,
NAS,Netgear,RNDP6000,,Extremely, £ 200.00 ,30.0, £ 400.00 ,,,,,,
NAS,Netgear,RNDU6000/RND-6A,,Extremely,,30.0, £ -   ,,,,,,
NAS,QNAP,TS-110,,Extremely, Scrap ,60.0,,,,,,,
NAS,QNAP,TS-219P II,,Extremely,,60.0,,,,,,,
NAS,QNAP,TS-219P+,,Extremely,,,,,,,,,
NAS,QNAP,TS-231P,,Extremely, £ 600.00 ,60.0, £ 600.00 ,,,,,,
NAS,QNAP,TS-251A,,Extremely, £ 200.00 ,60.0, £ 200.00 ,,,,,,
NAS,QNAP,TS-253A,,Extremely,,60.0,,,,,,,
NAS,QNAP,TS-410,,Extremely, Scrap ,60.0,,,,,,,
NAS,QNAP,TS-412,,Extremely, £ 170.00 ,60.0, £ 170.00 ,,,,,,
NAS,QNAP,TS-414,,Extremely,,60.0,,,,,,,
NAS,QNAP,TS-421U,,Extremely,,60.0, £ -   ,,,,,,
NAS,QNAP,TS-431U,,Extremely, £ 200.00 ,60.0, £ 200.00 ,,,,,,
NAS,QNAP,TS-431X2,,Extremely, £ 130.00 ,60.0, £ 130.00 ,,,,,,
NAS,QNAP,TS-469 Pro,,Extremely, £ 500.00 ,60.0, £ 500.00 ,,,,,,
NAS,QNAP,TS-469U-RP,,Extremely,,60.0, £ -   ,,,,,,
NAS,QNAP,TS-469U-SP,,Extremely, £ 200.00 ,60.0, £ 200.00 ,,,,,,
NAS,QNAP,TS-563,,Extremely, £ 100.00 ,60.0, £ 100.00 ,,,,,,
NAS,QNAP,TS-853U,,Extremely,,60.0, £ -   ,,,,,,
NAS,QNAP,TS-453BU-RP,,Extremely,,60.0, £ -   ,,,,,,
NAS,QNAP,TS-879U-RP,,Extremely, £ 600.00 ,60.0, £ 600.00 ,,,,,,
NAS,QNAP,TS-453DU-RP,,Extremely,,60.0, £ -   ,,,,,,
NAS,QNAP,TS-869 Pro ,,Extremely,,60.0, £ -   ,,,,,,
NAS,QNAP,UX-500P,,Extremely,,30.0, £ -   ,,,,,,
NAS,Seagate,220,,Not at all,,,  ,,,,,,
NAS,Seagate,1BX5P5-500,,Not at all, £ 125.00 ,,  ,,,,,,
NAS,Seagate,SRN02D,,Not at all,,,  ,,,,,,
NAS,Synology,DS1813+,,Extremely, £ 300.00 ,,  ,,,,,,
NAS,Synology,DS1815+,,Extremely, £ 400.00 ,60.0, £ 400.00 ,,,,,,
NAS,Synology,DS214+,,Extremely,,60.0, £ -   ,,,,,,
NAS,Synology,DS414,,Extremely, £ 200.00 ,60.0, £ 200.00 ,,,,,,
NAS,Synology,RS407,,Extremely, £ 50.00 ,60.0, £ 50.00 ,,,,,,
NAS,Synology,RS411,,Extremely,,60.0, £ -   ,,,,,,
NAS,Synology,DS418,,Extremely,,60.0, £ -   ,,,,,,
NAS,Synology,RS815,,Extremely,,60.0, £ -   ,,,,,,
NAS,Synology,RS815+,,Extremely,,60.0, £ -   ,,,,,,
NAS,Synology,RS815RP+,,Extremely, £ 200.00 ,60.0, £ 200.00 ,,,,,,
NAS,Synology,RS816,,Extremely,,60.0, £ -   ,,,,,,
NAS,Synology,RS3617xs,,Extremely,,60.0, £ -   ,,,,,,
NAS,Synology,RS2414RP+,,Extremely,,60.0, £ -   ,,,,,,
NAS,Synology,RS2414+,,Extremely,,60.0, £ -   ,,,,,,
NAS,Synology,RX1214RP,,Extremely,,60.0, £ -   ,,,,,,
NAS,Synology,RX1217,,Extremely,,60.0, £ -   ,,,,,,
NAS,Thecus,N8800PRO,,Not at all, £ 350.00 ,,  ,,,,,,
NAS,WD,DX4000,,Not at all,,,  ,,,,,,
NAS,WD,My Cloud EX4,,Not at all, £ 320.00 ,,  ,,,,,,
NAS,WD,My Cloud EX4100,,Extremely, £ 50.00 ,,  ,,,,,,
Others,Amulet Hotkey,CA-DXRK-0003 DXiP Rack,,Not at all, £ 70.00 ,,  ,,,,,,
Others,APC,AP7723 PDU,,Extremely, £ 140.00 ,,  ,,,,,,
Others,APC,AP7820,,Extremely,,10.0, £ -   ,,,,,,
Others,APC,AP7820 PDU,,Extremely,,,  ,,,,,,
Others,APC,AP7921 PDU,,Extremely,,,  ,,,,,,
Others,APC,AP7921B,,Extremely,,10.0, £ -   ,,,,,,
Others,Aten,CL1000M LCD Console,,Not at all,,,  ,,,,,,
Others,ATTO,Thunderlink TLNT-2102-D01,,Extremely,,,  ,,,,,,
Others,Bosch,DIP-7082-8HD Network Video Recorder,,Not at all, £ 400.00 ,,  ,,,,,,
Others,CalDigit,TS2 Thunderbolt 2 Docking Station,,Extremely,,,  ,,,,,,
Others,Cisco,C380 Email Security Appliance,,Not at all, £ 20.00 ,,  ,,,,,,
Others,Cisco,CP-7841-K9 IP Phone,,Extremely,,,,,,,,,
Others,Cisco,CP-8865-K9 IP Phone,,Extremely,,,,,,,,,
Others,Cisco,CP-8861-3PCC-K9 IP Phone,,Extremely,,,,,,,,,
Others,Cisco,CP-8831-BASE-S-EU V03,,Extremely,,,,,,,,,
Others,Cisco,CP-9971 IP Phone ,,Not at all, £ 70.00 ,,  ,,,,,,
Others,Cisco,CS-CODEC-PRO+ V01,,Moderately,,20.0, £ -   ,,,,,,
Others,Cisco,N9K-M12PQ Uplink Module,,Not at all,,,  ,,,,,,
Others,Cisco,Redundant Power System PWR-RPS2300,,Not at all, £ 30.00 ,,  ,,,,,,
Others,Clickfree,HD535 External hard drive,,Extremely,,,  ,,,,,,
Others,Fortinet,FL-100B Forti Analyzer,,Not at all,,,  ,,,,,,
Others,G-Tech,G-Drive 0G00204 External hard drive,,Extremely,,,  ,,,,,,
Others,G-Tech,G-Drive 0G02920 External hard drive,,Extremely,,,  ,,,,,,
Others,Grundfos,CU352 Individual Pump Control,,Not at all,,,  ,,,,,,
Others,Hitachi,0S03398 External hard drive,,Extremely,,,  ,,,,,,
Others,iomega,GDHDU2 External hard drive,,Extremely,,,  ,,,,,,
Others,McAfee,M-4050 Network Security Sensor Appliance,,Not at all, £ 150.00 ,,  ,,,,,,
Others,Mitel,3300 ICP CXi II Controller ,,Not at all, £ 300.00 ,,  ,,,,,,
Others,Oracle,SPARC T4-4 Processor Module,,Not at all, £ 45.00 ,,  ,,,,,,
Others,Posiflex,TW-5000E Modular POS Box,,Not at all,,,  ,,,,,,
Others,Raritan,DSX2-16 Console Server,,Not at all, £ 700.00 ,,  ,,,,,,
Others,Riverbed,Steelhead CX-555,,Not at all, £ 140.00 ,,  ,,,,,,
Others,RoHS,Ninja-667,,Not at all, £ 225.00 ,,  ,,,,,,
Others,StoreJet,25M3 External hard drive,,Extremely,,,  ,,,,,,
Others,Synology,VisualStation VS360HD,,Not at all,,,  ,,,,,,
Others,Unitrends,Recovery MAX4 Backup Appliance,,Not at all, £ 40.00 ,,  ,,,,,,
Others,Yealink,CP930W Conference Phone,,Not at all, £ 18.00 ,,  ,,,,,,
Others,Yealink,SIP-T46S IP Phone,,Not at all, £ 50.00 ,,  ,,,,,,
Others,Yealink,SIP-T558A IP Phone,,Not at all,,,  ,,,,,,
Others,Yealink,SIP-T55A IP Phone,,Not at all, £ 50.00 ,,  ,,,,,,
Others,Avocent,MergePoint Unity 2032 KVM,,Extremely, £ 250.00 ,10.0," £ 1,500.00 ",,,,,,
Router,Avocent,ACS8048 ,,Extremely,,15.0, £ -   ,,,,,,
Router,Cisco,890,,Not at all, Scrap ,,  ,,,,,,
Router,Cisco,C891F-K9 V03,,Extremely, Scrap ,10.0,  ,,,,,,
Router,Cisco,C887VAM-K9 V01,,Extremely, Scrap ,10.0,  ,,,,,,
Router,Cisco,5500 Wireless Controller,,Moderately, £ 55.00 ,,  ,,,,,,
Router,Cisco,AIR-CT5508-K09,,, Scrap ,,,,,,,,
Router,Cisco,819-4G,,Moderately, £ 90.00 ,,  ,,,,,,
Router,Cisco,7204VXR,,Extremely,,15.0, £ -   ,,,,,,
Router,Cisco,AIR-CT2504-K9 V03,,Moderately, £ 65.00 ,,  ,,,,,,
Router,Cisco,ASR 9901,,Not at all, £ 160.00 ,,  ,,,,,,
Router,Cisco,ASR 1001,,Extremely,,15.0, £ -   ,,,,,,
Router,Cisco,ASR 1001-X,,Extremely,,15.0, £ -   ,,,,,,
Router,Cisco,C1111-4P,,Extremely,,15.0, £ -   ,,,,,,
Router,Cisco,C1111X-8P,,Extremely,,15.0, £ -   ,,,,,,
Router,Cisco,C819HG+7-K9 V01,,Not at all,,,  ,,,,,,
Router,Cisco,CISCO7201 V02,,Not at all, £ 50.00 ,15.0, £ 200.00 ,,,,,,
Router,Cisco,CISCO 2901-K9,,Extremely,,15.0, £ -   ,,,,,,
Router,Cisco,CISCO 2921-K9,,Extremely,,15.0, £ -   ,Nemesis Erasure,,,,,
Router,Cisco,CISCO3945,,Extremely,,10.0, £ -   ,,,,,,
Router,Cisco,ISR4321/K9,,Extremely,,20.0, £ -   ,,,,,,
Router,Cisco,ISR4331/K9,,Extremely,,48.0, £ -   ,Nemesis Erasure,,,,,
Router,Cisco,ISR4431-X/K9 V05,,Extremely,,20.0, £ -   ,,,,,,
Router,Cisco,ISR4451-X/K9 V07,,Extremely,,20.0, £ -   ,,,,,,
Router,Cisco,Meraki MX64-HW,Yes,Extremely,,10.0, £ -   ,,,,,,
Router,Cisco,Meraki MX67-HW,Yes,Extremely,,10.0, £ -   ,,,,,,
Router,Cisco,RV325,,Extremely,,10.0, £ -   ,,,,,,
Router,DrayTek,Vigor2925ac,,Not at all,,20.0, £ -   ,,,,,,
Router,Fortinet,Forti WiFi 50E,,Moderately, £ 160.00 ,,  ,,,,,,
Router,Fortinet,FEX-40D-AMEU,,Extremely,,10.0, £ -   ,,,,,,
Router,Huawei,AR129CV,,Not at all, £ 30.00 ,,  ,,,,,,
Router,Huawei,AR129CVW,,Not at all, £ 40.00 ,,  ,,,,,,
Router,Huawei,AR129CVW-L,,Not at all,,,  ,,,,,,
Router,Huawei,AR1220C,,Extremely,,20.0, £ -   ,,,,,,
Router,Riverbed,Steelhead 250H,,Extremely,,10.0, £ -   ,,,,,,
Router,Ruckus,ZD1200 Wireless Controller,,Extremely, £ 200.00 ,20.0, £ 600.00 ,,,,,,
Router,Sonus,SBC 1000,,Moderately,,20.0, £ -   ,,,,,,
Router,Meru,MC1500,,, Scrap ,,,,,,,,
Router,MikroTik,RB2011UiAS-RM,,Extremely,,10.0, £ -   ,,,,,,
Router,tp-link,TL-WR743ND,,Extremely,,10.0, £ -   ,,,,,,
Router,tp-link,TD-W8951ND,,Extremely,,10.0, £ -   ,,,,,,
Router,Ubiquiti,AmpliFi HD Mesh Router,,Extremely,,10.0, £ -   ,,,,,,
Router,Netgear,WC7520,,Extremely,,10.0, £ -   ,,,,,,
Server,Apple,Xserve,,Not at all, £ 80.00 ,,  ,,,,,,
Server,COLFAX,LWF1208YR915002,,Extremely,,20.0, £ -   ,,,,,,
Server,Datto,S3P2000,,Extremely,,,  ,,,,,,
Server,Datto,S3P4000,,Extremely,,20.0, £ -   ,,,,,,
Server,Dell,PowerEdge FX2S Blade,,Extremely, £ 270.00 ,60.0, £ 777.00 ,,,,,,
Server,Dell,PowerEdge R330,,Extremely,,20.0, £ -   ,,,,,,
Server,Dell,PowerEdge R430,,Extremely,,20.0, £ -   ,,,,,,
Server,Dell,PowerEdge R440,,Extremely,,20.0, £ -   ,,,,,,
Server,Dell,PowerEdge R530,,Extremely,,20.0, £ -   ,,,,,,
Server,Dell,PowerEdge R630,,Extremely, £ 100.00 ,20.0, £ 300.00 ,,,,,,
Server,Dell,PowerEdge R730,,Extremely,,20.0, £ -   ,,,,,,
Server,Dell,PowerEdge R730XD,,Extremely,,20.0, £ -   ,,,,,,
Server,Dell,PowerEdge R750,,Extremely,,20.0, £ -   ,,,,,,
Server,Dell,PowerEdge T130,,Extremely,,20.0, £ -   ,,,,,,
Server,Dell,PowerEdge T330,,Extremely,,20.0, £ -   ,,,,,,
Server,Dell,PowerEdge T430,,Extremely, £ 120.00 ,20.0, £ 360.00 ,,,,,,
Server,Dell,PowerEdge T430,,Extremely, £ 114.00 ,,  ,,,,,,
Server,Dell,PowerEdge T630,,Extremely,,20.0, £ -   ,,,,,,
Server,Dell,PowerEdge VRTX,,Extremely, £ 500.00 ,120.0, £ 250.00 ,,,,,,
Server,Dell,PowerEdge M630,,Extremely,,30.0,,,,,,,
Server,Dell,PowerEdge M630 (VRTX),,Extremely,,30.0,,,,,,,
Server,Dell,PowerEdge M640,,Extremely,,30.0,,,,,,,
Server,Dell,PowerEdge M1000e,,Extremely,,120.0,,,,,,,
Server,Dell,PowerEdge C6320,,Extremely,,,,,,,,,
Server,Dell,PowerEdge C6300 Enclosure ,,Extremely,,,,,,,,,
Server,HP,ProLiant BL460c Gen9 Server Blade,,Extremely,,30.0,,,,,,,
Server,HP,ProLiant BL460c Gen8 Server Blade,,Extremely, £ 70.00 ,30.0, £ 140.00 ,,,,,,
Server,HP,BladeSystem c7000 Enclosure G3,,Extremely,,120.0,,,,,,,
Server,HP,ProLiant DL20 Gen 10,,Extremely,,20.0, £ -   ,,,,,,
Server,HP,ProLiant DL20 Gen 9,,Extremely,,20.0, £ -   ,,,,,,
Server,HP,ProLiant DL120 Gen 9,,Extremely,,20.0, £ -   ,,,,,,
Server,HP,ProLiant DL160 Gen 9,,Extremely,,20.0, £ -   ,,,,,,
Server,HP,ProLiant DL360 Gen 10,,Extremely,,20.0, £ -   ,,,,,,
Server,HP,ProLiant DL360 Gen 9,,Extremely,,20.0, £ -   ,,,,,,
Server,HP,ProLiant DL380 Gen9,,Extremely,,20.0, £ -   ,,,,,,
Server,HP,ProLiant DL380 Gen10,,Extremely,,20.0, £ -   ,,,,,,
Server,HP,ProLiant DL380e Gen 8,,Extremely,,,  ,,,,,,
Server,HP,ProLiant DL560 Gen 9,,Extremely,,20.0, £ -   ,,,,,,
Server,HP,ProLiant ML150 Gen 9,,Extremely,,20.0, £ -   ,,,,,,
Server,HP,ProLiant ML350 Gen 9,,Extremely, £ 130.00 ,20.0, £ 390.00 ,,,,,,
Server,IBM,Power System S822,,Extremely,,30.0, £ -   ,,,,,,
Server,IBM,System x3650 M3,,Extremely, £ 165.00 ,,  ,,,,,,
Server,Lenovo,System x 3550 M5,,Extremely,,20.0, £ -   ,,,,,,
Server,Lenovo,ThinkSystem SR630,,Extremely,,20.0, £ -   ,,,,,,
Server,McAfee,ELM-5600,,Not at all,,,  ,,,,,,
Server,McAfee,ERC-3450,,Not at all,,,  ,,,,,,
Server,Nutanix,NXS2U2NL12G600,,Extremely," £ 1,440.00 ",30.0," £ 2,880.00 ",,,,,,
Server,Nutanix,NXS2U4NS24G600,,Extremely, £ 720.00 ,30.0," £ 1,440.00 ",,,,,,
Server,Oracle,SunFire X4100,,Not at all, £ 300.00 ,,  ,,,,,,
Server,Oracle,SunFire X4170,,Not at all, £ 175.00 ,,  ,,,,,,
Server,Quanta,D51B-2U,,Extremely,,20.0, £ -   ,,,,,,
Server,Quanta,D51PC-1U,,Extremely,,20.0, £ -   ,,,,,,
Server,Quanta,T41S-2U,,Moderately, £ 214.00 ,30.0, £ 428.00 ,,,,,,
Server,SUPERMICRO,CSE-825,,Moderately, £ 120.00 ,,  ,,,,,,
Server,SUPERMICRO,CSE-826,,Moderately, £ 250.00 ,,  ,,,,,,
Server,SUPERMICRO,CSE-836,,Moderately, £ 240.00 ,,  ,,,,,,
Switch,Adva,FSP 150-GE102Pro,,Not at all, £ 140.00 ,,  ,,,,,,
Switch,Allied Telesis,AT-8000GS/24,,Extremely,,5.0, £ -   ,,,,,,
Switch,Allied Telesis,AT-8000S/48,,Extremely,,5.0, £ -   ,,,,,,
Switch,Allied Telesis,AT-8000GS/48,,Extremely,,5.0, £ -   ,,,,,,
Switch,Allied Telesis,AT-GS950/48,,Extremely,,5.0, £ -   ,,,,,,
Switch,Allied Telesis,AT-FS750/24POE,,Extremely,,5.0, £ -   ,,,,,,
Switch,APC,AP7723 Rack Automatic Transfer Switch,,Not at all, £ 69.00 ,,  ,,,,,,
Switch,Aruba,J9726A,,Extremely,,10.0, £ -   ,,,,,,
Switch,Aruba,J9773A,,Extremely,,10.0, £ -   ,,,,,,
Switch,Aruba,J9776A,,, Scrap ,,,,,,,,
Switch,Aruba,JL683A,,Extremely, £ 180.00 ,15.0, £ 720.00 ,,,,,,
Switch,Aruba,R8N87A,,Extremely,,10.0, £ -   ,,,,,,
Switch,Aten,CL5716 LCD KVM Switch,,Not at all, £ 160.00 ,,  ,,,,,,
Switch,Aten,CS1942DP KVM Switch,,Extremely, £ 180.00 ,,  ,,,,,,
Switch,Aten,KL1516a KVM Switch,,Not at all, £ 144.00 ,,  ,,,,,,
Switch,Avaya,AL3500A14-E6,,Extremely,,10.0, £ -   ,,,,,,
Switch,Belkin,F1DC108BUKSR KVM Swtich,,Not at all, £ 33.00 ,,  ,,,,,,
Switch,Brocade,VDX 6740T-1G,,Moderately, £ 60.00 ,20.0, £ 180.00 ,,,,,,
Switch,Cisco,2960-X-48FPS-L V04,,Extremely, £ 22.00 ,10.0, £ 132.00 ,,,,,,
Switch,Cisco,2960-X-48FPS-L V05,,Extremely, £ 75.00 ,15.0, £ 300.00 ,,,,,,
Switch,Cisco,3750X-24P-S,,Moderately, £ 20.00 ,10.0, £ 120.00 ,,,,,,
Switch,Cisco,3750X-48P,,Moderately, £ 80.00 ,,  ,,,,,,
Switch,Cisco,C3900-SPE150/K9 V05,,Extremely,,20.0, £ -   ,,,,,,
Switch,Cisco,C9200L-24T-4G-E,,Extremely,,20.0, £ -   ,,,,,,
Switch,Cisco,C9500-48Y4C-A V03,,Extremely,,20.0, £ -   ,,,,,,
Switch,Cisco,Catalyst 2960-X-24TS-L V05,,Extremely, £ 110.00 ,15.0, £ 440.00 ,,,,,,
Switch,Cisco,DS-C9148-16P-K9,,Extremely,,15.0, £ -   ,,,,,,
Switch,Cisco,Express 500-24PC,,Moderately, £ 50.00 ,,  ,,,,,,
Switch,Cisco,Meraki MS220-8P,,Extremely, £ 14.00 ,5.0, £ 168.00 ,,,,,,
Switch,Cisco,Meraki MS320-48FP-HW,,Extremely,,20.0,,,,,,,
Switch,Cisco,Meraki MS320-24P-HW,,Extremely,,20.0,,,,,,,
Switch,Cisco,Meraki MS225-24P,,Extremely,,20.0,,,,,,,
Switch,Cisco,Nexus 5596 UP,,Moderately,,25.0, £ -   ,Nemesis Erasure,,,,,
Switch,Cisco,SF300-48PP-K9,,Extremely,,8.0, £ -   ,,,,,,
Switch,Cisco,SF302-08P,,Moderately, £ 28.00 ,,,,,,,,
Switch,Cisco,SF302-08PP,,Moderately, £ 38.00 ,8.0, £ 285.00 ,,,,,,
Switch,Cisco,SG300-10MPP,,Moderately, £ 65.00 ,,  ,,,,,,
Switch,Cisco,SG300-10PP,,Moderately, £ 118.00 ,8.0, £ 885.00 ,,,,,,
Switch,Cisco,SG350-10P,,Moderately, £ 44.00 ,,  ,,,,,,
Switch,Cisco,SG350-28,,Extremely, £ 200.00 ,,  ,,,,,,
Switch,Cisco,SG350X-48P,,Extremely,,15.0, £ -   ,,,,,,
Switch,Cisco,SRW208P-K9 V01,,Extremely,,15.0, £ -   ,,,,,,
Switch,Cisco,WS-C2960-48TC-S V04,,, Scrap ,15.0,  ,,,,,,
Switch,Cisco,WS-C2960-48TT-L V07,,, Scrap ,15.0,  ,,,,,,
Switch,Cisco,WS-C2960S-24TS-L,,, Scrap ,15.0,  ,Nemesis Erasure,,,,,
Switch,Cisco,WS-C2960G-24TC-L,,, Scrap ,,,,,,,,
Switch,Cisco,WS-C2960X-24PS-L V02,,, Scrap ,30.0,  ,Nemesis Erasure,,,,,
Switch,Cisco,WS-C2960X-48LPS-L V05,,Extremely,,15.0, £ -   ,,,,,,
Switch,Cisco,WS-C2960X-48TS-L,,, Scrap ,,,,,,,,
Switch,Cisco,WS-C3560-8PC-S,,Extremely,,11.0, £ -   ,Nemesis Erasure,,,,,
Switch,Cisco,WS-C3560C-12PC-S,,Extremely,,15.0, £ -   ,,,,,,
Switch,Cisco,WS-C3560V2-48PS-S V06,,, Scrap ,,,,,,,,
Switch,Cisco,WS-C3560X-24T-L,,Extremely,,16.0, £ -   ,Nemesis Erasure,,,,,
Switch,Cisco,WS-C3560X-24T-S ,,Extremely,,15.0, £ -   ,,,,,,
Switch,Cisco,WS-C3560X-24T-E,,Extremely,,18.0, £ -   ,Nemesis Erasure,,,,,
Switch,Cisco,WS-C3560X-48T-E,,Extremely,,18.0, £ -   ,Nemesis Erasure,,,,,
Switch,Cisco,WS-C3560X-48P-L,,Extremely,,23.0, £ -   ,Nemesis Erasure,,,,,
Switch,Cisco,WS-C3650-24PS,,Extremely,,25.0, £ -   ,Nemesis Erasure,,,,,
Switch,Cisco,WS-C3650-24TS,,Extremely,,40.0, £ -   ,Nemesis Erasure,,,,,
Switch,Cisco,WS-C3650-48PD,,Moderately, £ 175.00 ,,  ,,,,,,
Switch,Cisco,WS-C3750-24TS-S,,, Scrap ,,,,,,,,
Switch,Cisco,WS-C3750-48PS-S,,Extremely,,16.0, £ -   ,Nemesis Erasure,,,,,
Switch,Cisco,WS-C3750V2-48PS-S,,Extremely,,20.0, £ -   ,Nemesis Erasure,,,,,
Switch,Cisco,WS-C3750X-24T-S V02,,Extremely,,15.0, £ -   ,Nemesis Erasure,,,,,
Switch,Cisco,WS-C3750X-48PF-L V02,,Extremely,,15.0, £ -   ,,,,,,
Switch,Cisco,WS-C3750X-48T-S V02,,Extremely, £ 200.00 ,15.0, £ 800.00 ,Nemesis Erasure,,,,,
Switch,Cisco,WS-C3850-24XS,,Extremely,,35.0, £ -   ,Nemesis Erasure,,,,,
Switch,Cisco,WS-C3850-48P,,Extremely,,35.0, £ -   ,Nemesis Erasure,,,,,
Switch,Cisco,WS-C3850-48T-S,,Moderately,,15.0, £ -   ,,,,,,
Switch,Cisco,WS-C4500X-16SFP+ V05,,Not at all, £ 55.00 ,15.0, £ 220.00 ,,,,,,
Switch,Cisco,WS-C4503-E V01,,Extremely,,15.0, £ -   ,,,,,,
Switch,Cisco,WS-C4948-E V08,,Extremely,,15.0, £ -   ,,,,,,
Switch,Cisco,WS-C4948-S V05,,Extremely,,15.0, £ -   ,,,,,,
Switch,Cisco,WS-C6509-E,,Extremely,,15.0, £ -   ,,,,,,
Switch,Cisco,C9500-48Y4C-A V03,,Extremely,,20.0, £ -   ,,,,,,
Switch,Cisco,N2K-C2232PP-10GE,,Extremely,,10.0, £ -   ,,,,,,
Switch,Cisco,N2K-C2248TP-1GE,,Extremely,,10.0, £ -   ,,,,,,
Switch,Dell,N1108T-ON,,Extremely,,20.0, £ -   ,,,,,,
Switch,Dell,N1108P-ON,,Extremely,,20.0, £ -   ,,,,,,
Switch,Dell,N1548P,,Extremely,,20.0, £ -   ,,,,,,
Switch,Dell,N3024,,Extremely, £ 40.00 ,,  ,,,,,,
Switch,Dell,N4032F,,Extremely,,20.0, £ -   ,,,,,,
Switch,Dell,PowerConnect 2848,,Extremely,,10.0, £ -   ,,,,,,
Switch,Dell,X1026,,Extremely,,10.0, £ -   ,,,,,,
Switch,D-Link,DGS-1224T,,, Scrap ,,,,,,,,
Switch,EMC,DS-300B,,Extremely,,20.0, £ -   ,,,,,,
Switch,EMC,DS-6520B,,Extremely,,25.0, £ -   ,,,,,,
Switch,HP,J9020A,,, Scrap ,,,,,,,,
Switch,HP,J9085A,,, Scrap ,,,,,,,,
Switch,HP,J4900B,,, Scrap ,,,,,,,,
Switch,HP,J4900C,,, Scrap ,,,,,,,,
Switch,HP,J9020A,,, Scrap ,,,,,,,,
Switch,HP,J9022A,,Extremely,,10.0, £ -   ,,,,,,
Switch,HP,J9028B,,, Scrap ,,,,,,,,
Switch,HP,J9080A,,, Scrap ,,,,,,,,
Switch,HP,J9138A,,Extremely,,10.0, £ -   ,,,,,,
Switch,HP,J9280A,,, Scrap ,,,,,,,,
Switch,HP,J9298A,,Extremely, £ 300.00 ,,  ,,,,,,
Switch,HP,J9561A,,Extremely,,10.0, £ -   ,,,,,,
Switch,HP,J9625A,,Extremely,,10.0, £ -   ,,,,,,
Switch,HP,J9627A,,Extremely,,10.0, £ -   ,,,,,,
Switch,HP,J9660A,,, Scrap ,,  ,,,,,,
Switch,HP,J9726A,,, Scrap ,,  ,,,,,,
Switch,HP,J9729A,,Extremely,,10.0, £ -   ,,,,,,
Switch,HP,J9772A,,, Scrap ,,,,,,,,
Switch,HP,J9774A,,Extremely,,10.0, £ -   ,,,,,,
Switch,HP,J9776A,,Extremely,,10.0, £ -   ,,,,,,
Switch,HP,J9980A,,, Scrap ,,,,,,,,
Switch,HP,J9981A,,Extremely, Scrap ,10.0,  ,,,,,,
Switch,HP,J9984A,,Extremely, £ 22.00 ,10.0, £ 132.00 ,,,,,,
Switch,HP,JE009A,,Extremely, Scrap ,,  ,,,,,,
Switch,HP,JG925A,,Extremely,,10.0, £ -   ,,,,,,
Switch,HP,J8762A,,, Scrap ,,,,,,,,
Switch,HP,JL382A,,Extremely,,10.0, £ -   ,,,,,,
Switch,HP,JL384A,,Extremely, £ 300.00 ,15.0," £ 1,200.00 ",,,,,,
Switch,HP,JL385A,,Extremely,,10.0, £ -   ,,,,,,
Switch,HP,JL386A,,Extremely, £ 22.00 ,,,,,,,,
Switch,HP,QW937A,,Extremely,,10.0, £ -   ,,,,,,
Switch,HP,SF 100-24,,Extremely, £ 45.00 ,,  ,,,,,,
Switch,Huawei,S2720-52TP-PWR-EI,,Extremely,,10.0, £ -   ,,,,,,
Switch,IBM,SAN06B-R 8Gbps Fiber Channel SAN Extension Switch,,Moderately,,25.0, £ -   ,,,,,,
Switch,INTELLINET,560856,,Extremely,,10.0, £ -   ,,,,,,
Switch,Juniper,EX3300-48P,,Moderately,,20.0, £ -   ,,,,,,
Switch,Juniper,EX4300-24T,,Moderately,,20.0, £ -   ,,,,,,
Switch,Juniper,EX4300-32F,,Moderately,,20.0, £ -   ,,,,,,
Switch,Juniper,QFX5100-48S-6Q,,Moderately,,20.0, £ -   ,,,,,,
Switch,Linksys,SRW2024,,, Scrap ,,,,,,,,
Switch,Mellanox,IS5030,,Extremely,,20.0, £ -   ,,,,,,
Switch,Netgear,FS108Pv3,,Extremely,,10.0, £ -   ,,,,,,
Switch,Netgear,FS750T,,, Scrap ,,,,,,,,
Switch,Netgear,GS108T,,Extremely,,10.0, £ -   ,,,,,,
Switch,Netgear,GS110TP,,Moderately, £ 25.00 ,10.0, £ 150.00 ,,,,,,
Switch,Netgear,GS116,,Extremely, £ 110.00 ,15.0, £ 440.00 ,,,,,,
Switch,Netgear,GS116LP,,Moderately, £ 30.00 ,,  ,,,,,,
Switch,Netgear,GS728TP,,Extremely,,10.0, £ -   ,,,,,,
Switch,Netgear,JGS516 v2,,Extremely,,5.0, £ -   ,,,,,,
Switch,Netgear,JGS516PE,,Extremely,,10.0, £ -   ,,,,,,
Switch,Netgear,JG524,,, Scrap ,,,,,,,,
Switch,Netgear,JG524-200EUS,,Extremely,,10.0, £ -   ,,,,,,
Switch,Netgear,ProSafe FS108P,,Extremely, £ 25.00 ,10.0, £ 150.00 ,,,,,,
Switch,Netgear,ProSafe FS726T,,, Scrap ,,,,,,,,
Switch,Netgear,ProSafe GS724T,,Extremely,,10.0, £ -   ,,,,,,
Switch,Netgear,ProSafe GS724TS,,, Scrap ,,  ,,,,,,
Switch,Netgear,ProSafe GS728TP,,Extremely,,10.0, £ -   ,,,,,,
Switch,Netgear,ProSafe GS748T,,Extremely, £ 120.00 ,10.0, £ 720.00 ,,,,,,
Switch,Netgear,ProSafe GS752TS,,, Scrap ,,,,,,,,
Switch,NetApp,ProSafe GS752TP,,Extremely,,10.0, £ -   ,,,,,,
Switch,Netgear,ProSafe GS752TPS,,Extremely, £ 20.00 ,10.0, £ 120.00 ,,,,,,
Switch,Netgear,ProSafe GSM7224v2,,Extremely,,10.0, £ -   ,,,,,,
Switch,Netgear,ProSafe GSM7248v2,,Extremely,,10.0, £ -   ,,,,,,
Switch,Netgear,ProSafe JGS524PE,,Extremely, £ 240.00 ,10.0," £ 1,440.00 ",,,,,,
Switch,Netgear,ProSafe M4100-D10-POE,,Extremely, £ 100.00 ,,  ,,,,,,
Switch,Netgear,ProSafe M4100-26G,,Extremely,,10.0, £ -   ,,,,,,
Switch,Netgear,ProSafe XS712T,,Extremely,,10.0, £ -   ,,,,,,
Switch,tp-link,TL-SG1005P,,Extremely, £ 50.00 ,,  ,,,,,,
Switch,tp-link,TL-SG1016,,, Scrap ,,,,,,,,
Switch,tp-link,TL-SG1024D,,Extremely,,10.0, £ -   ,,,,,,
Switch,tp-link,TL-SG1048,,Extremely,,3.0, £ -   ,,,,,,
Switch,Ubiquiti,ES-10X,,Extremely,,10.0, £ -   ,,,,,,
Switch,Ubiquiti,ES-48-500W,,Extremely,,10.0, £ -   ,,,,,,
Switch,UniFi,US-48-G1,,Extremely,,10.0, £ -   ,,,,,,
Switch,ZyXEL,GS1900-24,,Extremely,,5.0, £ -   ,,,,,,
Switch,ZyXEL,GS3700-24,,Moderately, £ 160.00 ,,  ,,,,,,
Switch,ZyXEL,GS1920-24HP,,Extremely,,10.0, £ -   ,,,,,,
Tape Drive/Autoloaders,HP,LTO 5 Tape Drive,,Extremely,,20.0, £ -   ,,,,,,
Tape Drive/Autoloaders,HP,LTO 6 Tape Drive,,Extremely,,20.0, £ -   ,,,,,,
Tape Drive/Autoloaders,HP,LTO 7 Tape Drive,,Extremely,,20.0, £ -   ,,,,,,
Tape Drive/Autoloaders,HP,LTO 8 Tape Drive,,Extremely,,20.0, £ -   ,,,,,,
Tape Drive/Autoloaders,HP,StorgeWorks MSL2024 G3,,Extremely,,30.0, £ -   ,,,,,,
Tape Drive/Autoloaders,HP,StorgeWorks MSL4048 G3,,Extremely,,30.0, £ -   ,,,,,,
Tape Drive/Autoloaders,IBM,System Storage TS2900,,Moderately,,30.0, £ -   ,,,,,,
Tape Drive/Autoloaders,Quantum,7226 1u3,,Extremely, £ 90.00 ,,  ,,,,,,
Tape Drive/Autoloaders,Quantum,SuperLoader 3 L700 Tape Autoloader,,Extremely,,30.0, £ -   ,,,,,,
Tape Drive/Autoloaders,Quantum,TC-L42BX,,Extremely,,,  ,,,,,,
Tape Drive/Autoloaders,Quantum,TE5452-502 External USB Tape Drive,,Moderately,,,  ,,,,,,
Tape Drive/Autoloaders,Dell,PowerVault TL1000,,Extremely,,30.0, £ -   ,,,,,,
Tape Drive/Autoloaders,Dell,PowerVault TL2000,,Extremely,,30.0, £ -   ,,,,,,
